YEAR,MeanCatch_Pollock,SE_Catch_Pollock
2000,0.098140035,0.021362542
2001,0.06488668,0.02468637
2002,NA,NA
2003,0.06081785,0.023121581
2004,NA,NA
2005,0.552164972,0.145057049
2006,NA,NA
2007,0.192546358,0.076607758
2008,NA,NA
2009,0.068015909,0.026810332
2010,NA,NA
2011,0.072984173,0.042205675
2012,NA,NA
2013,0.331881919,0.079262485
2014,NA,NA
2015,0.001327412,0.000462796
2016,NA,NA
2017,0.26608527,0.077118062
2018,NA,NA
2019,0.019937137,0.012419472
